{
    "n": 50000,
    "winRates": {
        "weights/conv_3x3_64.pth": 0.44852,
        "weights/conv_3x3_128.pth": 0.4426,
        "weights/conv_5x5_64.pth": 0.43574,
        "weights/conv_5x5_128.pth": 0.41632,
        "weights/conv_7x7_64.pth": 0.43528,
        "weights/patch_mlp_7x7_512.pth": 0.30264,
        "weights/patch_mlp_7x7_1024.pth": 0.31012,
        "weights/unet_16x30_64.pth": 0.40506
    }
}